Organization Name,Partner Type,County,City,Data Source,Data Completeness Score
Regional Catalyst Network,Economic Development Organization,Jackson,Kansas City,Excel Workbook,85
Metro University Innovation Center,University / Education,Jackson,Kansas City,Internal Database,98
KC Startup Foundation,Nonprofit Support Organization,Jackson,Kansas City,Google Form,74
Regional Growth Partners,Economic Development Organization,Johnson,Overland Park,Airtable Base,66
LaunchKC Network,Incubator / Accelerator,Jackson,Kansas City,Excel Workbook,64
Heartland Capital Access,Funding Partner,Johnson,Overland Park,Smartsheet,76
Metro Business Builders,Nonprofit Support Organization,Clay,Liberty,Google Form,80
KC Workforce Alliance,Workforce Partner,Wyandotte,Kansas City,Survey Monkey Export,67
Entrepreneur Support Collaborative,Nonprofit Support Organization,Jackson,Independence,Survey Monkey Export,76
Main Street Business Center,Chamber / Business Association,Cass,Belton,Internal Database,68
Midwest Innovation Hub,Incubator / Accelerator,Johnson,Olathe,Survey Monkey Export,86
Urban Core Ventures,Funding Partner,Jackson,Kansas City,Google Form,79
Northland Business Alliance,Chamber / Business Association,Platte,Riverside,Google Form,91
Regional Manufacturing Extension,Workforce Partner,Wyandotte,Kansas City,Airtable Base,85
Women Founders Network,Nonprofit Support Organization,Johnson,Lenexa,Salesforce CRM,72
Clay County Enterprise Center,Economic Development Organization,Clay,Gladstone,Grant Mgmt System,85
Cass Regional SBDC,University / Education,Cass,Harrisonville,Survey Monkey Export,84
Platte Catalyst Fund,Funding Partner,Platte,Platte City,Internal Database,75
Wyandotte Builds,Workforce Partner,Wyandotte,Kansas City,Survey Monkey Export,79
Bright Future Accelerator,Incubator / Accelerator,Jackson,Kansas City,Airtable Base,66
